date,close
20140102,4617.92
20140103,4556.92
20140106,4470.93
20140107,4467.58
20140108,4470.5
20140109,4436.54
20140110,4394.89
20140113,4386.69
20140114,4435.41
20140115,4420.92
20140116,4428.7
20140117,4368.97
20140120,4370.77
20140121,4411.22
20140122,4508.21
20140123,4492.03
20140124,4516.16
20140127,4486.01
20140128,4501.13
20140129,4537.26
20140130,4512.02
20140207,4553.62
20140210,4648.61
20140211,4674.34
20140212,4686.13
20140213,4655.35
20140214,4698.54
20140217,4755.46
20140218,4741.43
20140219,4791.71
20140220,4766.25
20140221,4709.11
20140224,4644.37
20140225,4532.1
20140226,4537.52
20140227,4539.66
20140228,4558.54
20140303,4611.29
20140304,4598.17
20140305,4575.0
20140306,4578.05
20140307,4567.1
20140310,4428.28
20140311,4441.2
20140312,4430.66
20140313,4528.86
20140314,4526.83
20140317,4566.5
20140318,4582.02
20140319,4566.58
20140320,4483.54
20140321,4599.69
20140324,4625.19
20140325,4640.58
20140326,4635.78
20140327,4609.78
20140328,4595.04
20140331,4588.86
20140401,4656.43
20140402,4681.79
20140403,4632.15
20140404,4654.64
20140408,4728.73
20140409,4739.04
20140410,4807.51
20140411,4828.21
20140414,4832.08
20140415,4748.19
20140416,4754.87
20140417,4738.94
20140418,4737.4
20140421,4648.1
20140422,4649.54
20140423,4642.9
20140424,4636.48
20140425,4571.85
20140428,4517.17
20140429,4559.93
20140430,4575.46
20140505,4573.93
20140506,4575.31
20140507,4529.46
20140508,4532.39
20140509,4513.96
20140512,4614.79
20140513,4609.29
20140514,4604.8
20140515,4556.67
20140516,4557.93
20140519,4512.78
20140520,4509.34
20140521,4538.02
20140522,4530.67
20140523,4551.87
20140526,4573.71
20140527,4556.35
20140528,4588.93
20140529,4559.54
20140530,4542.18
20140603,4535.03
20140604,4491.79
20140605,4537.58
20140606,4513.37
20140609,4506.72
20140610,4557.41
20140611,4568.84
20140612,4540.98
20140613,4583.93
20140616,4620.42
20140617,4583.33
20140618,4542.53
20140619,4469.04
20140620,4476.14
20140623,4468.5
20140624,4494.32
20140625,4472.86
20140626,4510.55
20140627,4516.08
20140630,4547.04
20140701,4541.75
20140702,4575.01
20140703,4595.7
20140704,4589.37
20140707,4589.39
20140708,4606.77
20140709,4543.17
20140710,4524.24
20140711,4531.16
20140714,4589.41
20140715,4591.61
20140716,4594.67
20140717,4571.38
20140718,4587.09
20140721,4577.76
20140722,4618.1
20140723,4635.33
20140724,4691.37
20140725,4735.79
20140728,4838.68
20140729,4850.25
20140730,4804.6
20140731,4857.63
20140801,4837.01
20140804,4904.43
20140805,4899.53
20140806,4901.49
20140807,4844.33
20140808,4852.37
20140811,4912.48
20140812,4910.52
20140813,4918.64
20140814,4890.73
20140815,4923.48
20140818,4949.14
20140819,4947.6
20140820,4928.78
20140821,4911.97
20140822,4937.72
20140825,4907.42
20140826,4866.38
20140827,4863.92
20140828,4824.32
20140829,4888.85
20140901,4926.43
20140902,5004.25
20140903,5037.58
20140904,5079.25
20140905,5132.05
20140909,5138.69
20140910,5116.62
20140911,5081.93
20140912,5113.88
20140915,5126.77
20140916,5027.04
20140917,5062.62
20140918,5073.21
20140919,5106.73
20140922,5020.54
20140923,5065.47
20140924,5133.88
20140925,5157.56
20140926,5159.91
20140929,5181.66
20140930,5191.28
20141008,5226.74
20141009,5234.7
20141010,5184.59
20141013,5157.11
20141014,5152.13
20141015,5185.0
20141016,5158.69
20141017,5117.57
20141020,5150.48
20141021,5128.71
20141022,5104.07
20141023,5037.94
20141024,5027.45
20141027,5002.12
20141028,5109.16
20141029,5206.34
20141030,5264.04
20141031,5346.28
20141103,5369.15
20141104,5366.28
20141105,5326.24
20141106,5343.83
20141107,5321.5
20141110,5453.64
20141111,5416.16
20141112,5490.8
20141113,5453.23
20141114,5447.81
20141117,5436.83
20141118,5377.24
20141119,5355.22
20141120,5363.69
20141121,5432.56
20141124,5511.7
20141125,5600.51
20141126,5637.29
20141127,5655.67
20141128,5785.69
20141201,5783.45
20141202,5943.66
20141203,5978.47
20141204,6196.2
20141205,6200.77
20141208,6348.19
20141209,6060.14
20141210,6316.72
20141211,6339.63
20141212,6332.53
20141215,6375.78
20141216,6488.65
20141217,6591.37
20141218,6558.28
20141219,6725.89
20141222,6857.15
20141223,6630.46
20141224,6511.82
20141225,6722.68
20141226,6866.89
20141229,6868.73
20141230,6827.88
20141231,6983.36
20150105,7257.93
20150106,7277.08
20150107,7246.36
20150108,7071.12
20150109,7035.88
20150112,6895.24
20150113,6934.11
20150114,6913.96
20150115,7115.89
20150116,7171.81
20150119,6578.3
20150120,6715.62
20150121,6984.6
20150122,6979.29
20150123,6973.25
20150126,7030.33
20150127,6976.73
20150128,6924.34
20150129,6892.75
20150130,6802.06
20150202,6617.29
20150203,6758.23
20150204,6694.08
20150205,6614.93
20150206,6435.76
20150209,6425.73
20150210,6570.75
20150211,6576.79
20150212,6604.29
20150213,6669.2
20150216,6690.19
20150217,6742.25
20150225,6736.74
20150226,6899.32
20150227,6907.77
20150302,6960.43
20150303,6818.59
20150304,6851.16
20150305,6747.71
20150306,6719.07
20150309,6891.16
20150310,6876.37
20150311,6894.73
20150312,7043.18
20150313,7086.74
20150316,7217.91
20150317,7310.73
20150318,7460.81
20150319,7496.31
20150320,7551.46
20150323,7689.55
20150324,7701.0
20150325,7605.61
20150326,7637.01
20150327,7685.52
20150330,7930.14
20150331,7820.28
20150401,7934.88
20150402,7975.27
20150403,8049.25
20150407,8219.89
20150408,8233.07
20150409,8121.95
20150410,8302.63
20150413,8516.47
20150414,8629.02
20150415,8513.37
20150416,8757.23
20150417,8869.74
20150420,8694.57
20150421,8842.44
20150422,9095.7
20150423,9093.32
20150424,8991.26
20150427,9230.16
20150428,9151.56
20150429,9160.06
20150430,9207.47
20150504,9456.99
20150505,8969.55
20150506,8813.85
20150507,8574.21
20150508,8783.91
20150511,9081.42
20150512,9257.76
20150513,9174.46
20150514,9201.65
20150515,9063.5
20150518,8995.43
20150519,9248.54
20150520,9334.75
20150521,9491.79
20150522,9783.59
20150525,10173.8
20150526,10405.86
20150527,10466.03
20150528,9839.41
20150529,9903.62
20150601,10475.81
20150602,10656.02
20150603,10682.01
20150604,10777.25
20150605,10890.77
20150608,11015.83
20150609,10995.5
20150610,10978.58
20150611,10930.41
20150612,11103.55
20150615,10964.16
20150616,10555.02
20150617,10806.07
20150618,10407.54
20150619,9735.65
20150623,9923.18
20150624,10210.99
20150625,9887.67
20150626,9183.54
20150629,9020.75
20150630,9546.12
20150701,9072.08
20150702,8665.4
20150703,8055.1
20150706,8324.45
20150707,8202.87
20150708,7690.55
20150709,8208.12
20150710,8631.94
20150713,8888.74
20150714,8749.12
20150715,8409.44
20150716,8474.23
20150717,8769.02
20150720,8781.63
20150721,8766.45
20150722,8748.76
20150723,8915.5
20150724,8784.24
20150727,8017.62
20150728,7952.51
20150729,8248.86
20150730,8053.74
20150731,8059.44
20150803,8113.17
20150804,8352.12
20150805,8171.24
20150806,8105.25
20150807,8250.54
20150810,8611.61
20150811,8573.26
20150812,8480.91
20150813,8645.31
20150814,8619.51
20150817,8688.85
20150818,8102.2
20150819,8228.63
20150820,7982.16
20150821,7682.36
20150824,7007.91
20150825,6486.06
20150826,6506.18
20150827,6884.29
20150828,7179.91
20150831,7194.61
20150901,7204.05
20150902,7261.17
20150907,7006.49
20150908,7184.35
20150909,7313.36
20150910,7212.45
20150911,7191.36
20150914,7012.22
20150915,6779.3
20150916,7086.65
20150917,6955.0
20150918,6966.51
20150921,7069.2
20150922,7108.57
20150923,6951.0
20150924,6991.51
20150925,6902.65
20150928,6932.66
20150929,6812.22
20150930,6857.86
20151008,7039.36
20151009,7115.96
20151012,7343.03
20151013,7342.42
20151014,7249.61
20151015,7401.2
20151016,7480.48
20151019,7463.47
20151020,7539.89
20151021,7364.46
20151022,7453.01
20151023,7536.64
20151026,7568.09
20151027,7574.24
20151028,7480.63
20151029,7497.53
20151030,7470.92
20151102,7376.76
20151103,7353.28
20151104,7618.52
20151105,7771.59
20151106,7873.77
20151109,8022.81
20151110,7954.14
20151111,7954.44
20151112,7865.96
20151113,7811.46
20151116,7875.72
20151117,7919.58
20151118,7856.11
20151119,7951.99
20151120,7957.33
20151123,7923.39
20151124,7895.89
20151125,7997.31
20151126,7971.15
20151127,7574.75
20151130,7658.61
20151201,7683.14
20151202,7922.75
20151203,7975.09
20151204,7830.56
20151207,7858.3
20151208,7733.24
20151209,7773.69
20151210,7723.35
20151211,7654.25
20151214,7800.47
20151215,7761.99
20151216,7739.49
20151217,7903.83
20151218,7928.56
20151221,8160.64
20151222,8180.67
20151223,8172.32
20151224,8084.63
20151225,8116.93
20151228,7910.14
20151229,7971.05
20151230,7966.64
20151231,7881.53
20160104,7407.36
20160105,7453.29
20160106,7601.14
20160107,7157.03
20160108,7328.64
20160111,6953.51
20160112,6964.06
20160113,6870.59
20160114,6992.54
20160115,6777.68
20160118,6778.5
20160119,6962.42
20160120,6860.39
20160121,6684.69
20160122,6748.82
20160125,6770.83
20160126,6407.99
20160127,6384.73
20160128,6260.19
20160129,6431.8
20160201,6358.54
20160202,6461.84
20160203,6421.98
20160204,6482.38
20160205,6465.98
20160215,6419.13
20160216,6594.62
20160217,6636.91
20160218,6626.87
20160219,6608.24
20160222,6744.24
20160223,6683.15
20160224,6725.85
20160225,6380.38
20160226,6451.09
20160229,6346.56
20160301,6433.05
20160302,6669.19
20160303,6678.6
20160304,6753.77
20160307,6776.79
20160308,6785.93
20160309,6738.91
20160310,6644.47
20160311,6646.4
20160314,6723.01
20160315,6752.12
20160316,6799.95
20160317,6827.69
20160318,6894.82
20160321,6964.65
20160322,6942.68
20160323,6932.48
20160324,6850.2
20160325,6898.17
20160328,6868.35
20160329,6823.73
20160330,6969.77
20160331,6976.6
20160401,6995.58
20160405,7067.12
20160406,7042.15
20160407,6956.91
20160408,6937.9
20160411,7019.47
20160412,6998.87
20160413,7070.52
20160414,7095.2
20160415,7086.77
20160418,7013.15
20160419,7026.72
20160420,6924.84
20160421,6878.5
20160422,6923.32
20160425,6924.42
20160426,6952.86
20160427,6944.06
20160428,6940.25
20160429,6924.03
20160503,7030.75
20160504,7017.39
20160505,7022.45
20160506,6872.34
20160509,6763.76
20160510,6785.44
20160511,6833.04
20160512,6859.29
20160513,6826.92
20160516,6860.49
20160517,6834.39
20160518,6785.3
20160519,6784.27
20160520,6791.98
20160523,6809.56
20160524,6780.72
20160525,6781.46
20160526,6791.33
20160527,6804.59
20160530,6819.42
20160531,6986.92
20160601,6972.66
20160602,6958.86
20160603,6997.47
20160606,6982.53
20160607,6974.19
20160608,6937.13
20160613,6777.07
20160614,6799.38
20160615,6871.4
20160616,6823.95
20160617,6873.4
20160620,6891.25
20160621,6885.58
20160622,6921.0
20160623,6872.17
20160624,6777.48
20160627,6835.0
20160628,6853.34
20160629,6881.7
20160630,6891.19
20160701,6911.08
20160704,6997.0
20160705,6983.49
20160706,6982.75
20160707,6936.23
20160708,6871.25
20160711,6897.5
20160712,7054.02
20160713,7074.4
20160714,7046.57
20160715,7059.95
20160718,7100.61
20160719,7039.51
20160720,7021.98
20160721,7057.33
20160722,6982.28
20160725,7019.89
20160726,7107.39
20160727,7065.98
20160728,7161.63
20160729,7147.65
20160801,7118.73
20160802,7136.95
20160803,7145.8
20160804,7157.94
20160805,7174.56
20160808,7245.19
20160809,7272.77
20160810,7237.24
20160811,7237.48
20160812,7400.05
20160815,7591.12
20160816,7538.74
20160817,7523.48
20160818,7502.89
20160819,7507.8
20160822,7466.62
20160823,7484.43
20160824,7473.89
20160825,7431.46
20160826,7413.7
20160829,7392.82
20160830,7420.87
20160831,7461.92
20160901,7402.37
20160902,7434.75
20160905,7463.97
20160906,7513.65
20160907,7509.28
20160908,7520.39
20160909,7454.55
20160912,7336.17
20160913,7337.8
20160914,7265.21
20160919,7332.07
20160920,7343.34
20160921,7358.68
20160922,7431.13
20160923,7388.58
20160926,7294.17
20160927,7328.12
20160928,7327.73
20160929,7355.15
20160930,7370.72
20161010,7475.06
20161011,7488.34
20161012,7475.28
20161013,7488.34
20161014,7478.9
20161017,7417.87
20161018,7502.48
20161019,7487.6
20161020,7510.18
20161021,7568.96
20161024,7631.51
20161025,7659.34
20161026,7589.17
20161027,7562.24
20161028,7535.9
20161031,7548.53
20161101,7588.32
20161102,7515.29
20161103,7555.71
20161104,7534.44
20161107,7534.05
20161108,7558.88
20161109,7512.48
20161110,7597.53
20161111,7608.34
20161114,7617.81
20161115,7622.25
20161116,7623.5
20161117,7661.26
20161118,7649.73
20161121,7699.5
20161122,7742.32
20161123,7791.21
20161124,7844.11
20161125,7932.04
20161128,7990.69
20161129,8061.07
20161130,7978.86
20161201,8065.39
20161202,7963.64
20161205,7836.28
20161206,7821.87
20161207,7830.08
20161208,7838.39
20161209,7929.56
20161212,7792.65
20161213,7780.84
20161214,7719.55
20161215,7606.55
20161216,7616.86
20161219,7602.94
20161220,7551.83
20161221,7622.71
20161222,7629.37
20161223,7545.11
20161226,7563.17
20161227,7555.77
20161228,7526.48
20161229,7516.86
20161230,7551.66
20170103,7628.83
20170104,7681.09
20170105,7682.75
20170106,7657.41
20170109,7712.13
20170110,7686.53
20170111,7625.51
20170112,7591.24
20170113,7612.61
20170116,7646.2
20170117,7652.91
20170118,7686.91
20170119,7676.48
20170120,7734.74
20170123,7735.54
20170124,7758.69
20170125,7774.7
20170126,7792.98
20170203,7740.15
20170206,7769.69
20170207,7778.56
20170208,7798.68
20170209,7821.07
20170210,7859.27
20170213,7899.19
20170214,7885.03
20170215,7891.66
20170216,7923.38
20170217,7862.34
20170220,8003.02
20170221,8011.5
20170222,8055.44
20170223,8019.55
20170224,8007.17
20170227,7947.99
20170228,7977.22
20170301,7982.24
20170302,7943.47
20170303,7947.57
20170306,7958.36
20170307,7953.59
20170308,7950.31
20170309,7890.93
20170310,7900.94
20170313,7967.38
20170314,7988.21
20170315,8011.39
20170316,8034.57
20170317,7948.67
20170320,7975.12
20170321,8041.91
20170322,7998.95
20170323,8004.71
20170324,8080.3
20170327,8078.83
20170328,8057.14
20170329,8056.85
20170330,8032.9
20170331,8095.88
20170405,8202.77
20170406,8263.9
20170407,8295.68
20170410,8336.31
20170411,8380.06
20170412,8363.93
20170413,8420.49
20170414,8331.27
20170417,8285.33
20170418,8275.11
20170419,8243.61
20170420,8283.51
20170421,8291.38
20170424,8224.2
20170425,8270.8
20170426,8302.02
20170427,8289.27
20170428,8263.04
20170502,8212.27
20170503,8159.11
20170504,8155.02
20170505,8126.9
20170508,8065.68
20170509,8049.89
20170510,7970.98
20170511,8037.49
20170512,8119.28
20170515,8179.04
20170516,8281.03
20170517,8262.47
20170518,8228.78
20170519,8269.91
20170522,8253.13
20170523,8301.19
20170524,8307.32
20170525,8401.76
20170526,8391.38
20170531,8409.86
20170601,8427.04
20170602,8426.68
20170605,8376.61
20170606,8399.31
20170607,8489.8
20170608,8577.43
20170609,8632.43
20170612,8660.25
20170613,8703.55
20170614,8558.1
20170615,8507.29
20170616,8422.12
20170619,8485.88
20170620,8463.44
20170621,8566.14
20170622,8590.66
20170623,8682.03
20170626,8755.84
20170627,8776.83
20170628,8699.94
20170629,8719.85
20170630,8719.74
20170703,8675.82
20170704,8596.5
20170705,8680.94
20170706,8708.73
20170707,8691.71
20170710,8654.1
20170711,8695.42
20170712,8642.95
20170713,8658.81
20170714,8704.77
20170717,8627.62
20170718,8622.2
20170719,8734.52
20170720,8798.69
20170721,8787.75
20170724,8852.25
20170725,8800.59
20170726,8738.49
20170727,8746.31
20170728,8757.81
20170731,8757.8
20170801,8820.27
20170802,8781.69
20170803,8682.47
20170804,8621.78
20170807,8657.46
20170808,8662.15
20170809,8661.18
20170810,8656.27
20170811,8533.44
20170814,8585.36
20170815,8612.68
20170816,8586.31
20170817,8635.16
20170818,8660.27
20170821,8670.98
20170822,8662.8
20170823,8675.4
20170824,8653.07
20170825,8748.89
20170828,8811.58
20170829,8781.4
20170830,8766.02
20170831,8718.34
20170901,8713.61
20170904,8722.71
20170905,8731.74
20170906,8704.5
20170907,8713.91
20170908,8697.16
20170911,8713.36
20170912,8721.48
20170913,8740.74
20170914,8742.13
20170915,8736.8
20170918,8750.33
20170919,8742.77
20170920,8751.37
20170921,8736.81
20170922,8763.07
20170925,8735.83
20170926,8737.86
20170927,8742.38
20170928,8734.16
20170929,8751.7
20171009,8857.8
20171010,8867.03
20171011,8899.65
20171012,8914.78
20171013,8949.05
20171016,8923.63
20171017,8918.62
20171018,8994.33
20171019,9003.69
20171020,9029.53
20171023,9051.48
20171024,9096.44
20171025,9135.62
20171026,9136.83
20171027,9184.89
20171030,9154.91
20171031,9110.89
20171101,9036.34
20171102,9035.15
20171103,8985.98
20171106,9030.89
20171107,9091.72
20171108,9102.91
20171109,9131.36
20171110,9175.02
20171113,9209.28
20171114,9173.48
20171115,9154.1
20171116,9182.62
20171117,9226.13
20171120,9267.8
20171121,9353.74
20171122,9366.6
20171123,9138.36
20171124,9140.32
20171127,9079.46
20171128,9075.53
20171129,9057.29
20171130,8974.0
20171201,8953.51
20171204,8976.79
20171205,9025.36
20171206,8962.18
20171207,8893.05
20171208,8918.44
20171211,9000.33
20171212,8904.08
20171213,8959.18
20171214,8944.22
20171215,8862.47
20171218,8839.33
20171219,8942.61
20171220,8910.51
20171221,8986.99
20171222,8971.75
20171225,8977.58
20171226,9031.84
20171227,8950.15
20171228,9003.67
20171229,9055.08
20180102,9172.96
20180103,9215.25
20180104,9250.18
20180105,9352.82
20180108,9458.96
20180109,9480.93
20180110,9507.71
20180111,9469.48
20180112,9515.22
20180115,9527.96
20180116,9683.76
20180117,9653.23
20180118,9669.41
20180119,9648.15
20180122,9736.67
20180123,9811.4
20180124,9824.54
20180125,9769.17
20180126,9852.99
20180129,9739.04
20180130,9627.73
20180131,9642.89
20180201,9553.81
20180202,9609.3
20180205,9674.2
20180206,9401.16
20180207,9193.09
20180208,9121.4
20180209,8726.32
20180212,8816.91
20180213,8911.33
20180214,8944.49
20180222,9145.76
20180223,9191.88
20180226,9253.54
20180227,9152.03
20180228,9088.53
20180301,9107.69
20180302,9094.28
20180305,9084.57
20180306,9207.9
20180307,9170.99
20180308,9232.41
20180309,9269.81
20180312,9294.88
20180313,9221.04
20180314,9196.19
20180315,9188.25
20180316,9161.38
20180319,9146.98
20180320,9119.48
20180321,9097.41
20180322,9033.31
20180323,8781.07
20180326,8734.85
20180327,8785.08
20180328,8636.74
20180329,8787.94
20180330,8754.02
20180402,8731.88
20180403,8665.09
20180404,8664.76
20180409,8664.41
20180410,8778.98
20180411,8810.96
20180412,8747.54
20180413,8709.78
20180416,8577.45
20180417,8477.76
20180418,8515.59
20180419,8565.71
20180420,8441.76
20180423,8414.95
20180424,8596.94
20180425,8565.68
20180426,8458.38
20180427,8445.58
20180502,8499.15
20180503,8570.46
20180504,8560.38
20180507,8701.42
20180508,8788.29
20180509,8785.39
20180510,8839.19
20180511,8793.87
20180514,8835.6
20180515,8871.42
20180516,8816.61
20180517,8794.31
20180518,8847.33
20180521,8883.35
20180522,8876.17
20180523,8778.2
20180524,8722.76
20180525,8722.38
20180528,8766.56
20180529,8747.3
20180530,8579.59
20180531,8752.56
20180601,8686.19
20180604,8766.19
20180605,8832.32
20180606,8818.64
20180607,8797.48
20180608,8659.78
20180611,8641.13
20180612,8768.58
20180613,8722.37
20180614,8690.42
20180615,8628.43
20180618,8628.43
20180619,8296.46
20180620,8323.27
20180621,8244.69
20180622,8253.29
20180625,8182.74
20180626,8092.5
20180627,8005.14
20180628,7885.25
20180629,8071.03
20180702,7825.32
20180703,7835.47
20180704,7755.62
20180705,7663.04
20180706,7661.21
20180709,7837.27
20180710,7870.58
20180711,7732.66
20180712,7859.62
20180713,7876.12
20180716,7807.67
20180717,7743.33
20180718,7705.52
20180719,7690.59
20180720,7797.91
20180723,7890.45
20180724,8012.02
20180725,7986.29
20180726,7943.25
20180727,7904.88
20180730,7878.81
20180731,7924.8
20180801,7770.95
20180802,7559.18
20180803,7458.46
20180806,7394.65
20180807,7586.79
20180808,7463.05
20180809,7613.85
20180810,7620.06
20180813,7588.77
20180814,7566.76
20180815,7420.39
20180816,7368.73
20180817,7279.82
20180820,7350.13
20180821,7442.35
20180822,7392.84
20180823,7392.15
20180824,7412.46
20180827,7563.92
20180828,7550.67
20180829,7517.44
20180830,7478.43
20180831,7462.15
20180903,7452.18
20180904,7529.74
20180905,7393.66
20180906,7335.87
20180907,7362.05
20180910,7312.08
20180911,7298.74
20180912,7284.49
20180913,7366.65
20180914,7384.44
20180917,7336.24
20180918,7444.37
20180919,7537.99
20180920,7511.47
20180921,7737.39
20180925,7672.64
20180926,7745.68
20180927,7706.17
20180928,7806.98
20181008,7517.46
20181009,7487.86
20181010,7486.61
20181011,7101.51
20181012,7175.76
20181015,7040.25
20181016,6953.93
20181017,7002.32
20181018,6882.79
20181019,7087.35
20181022,7358.76
20181023,7181.13
20181024,7188.64
20181025,7233.47
20181026,7244.41
20181029,7053.79
20181030,7104.96
20181031,7162.04
20181101,7196.71
20181102,7382.23
20181105,7350.24
20181106,7319.18
20181107,7273.39
20181108,7256.47
20181109,7183.8
20181112,7281.51
20181113,7349.17
20181114,7300.16
20181115,7367.19
20181116,7427.3
20181119,7503.38
20181120,7356.0
20181121,7363.29
20181122,7360.01
20181123,7196.57
20181126,7225.83
20181127,7197.1
20181128,7269.04
20181129,7192.66
20181130,7250.76
20181203,7439.03
20181204,7447.17
20181205,7401.46
20181206,7293.44
20181207,7318.91
20181210,7246.88
20181211,7292.15
20181212,7323.56
20181213,7425.53
20181214,7327.45
20181217,7375.17
20181218,7327.92
20181219,7313.98
20181220,7284.23
20181221,7239.22
20181224,7266.21
20181225,7236.64
20181226,7257.39
20181227,7258.89
20181228,7293.04
20190102,7189.73
20190103,7188.29
20190104,7285.19
20190107,7320.5
20190108,7323.94
20190109,7370.56
20190110,7340.07
20190111,7375.04
20190114,7344.35
20190115,7414.2
20190116,7423.54
20190117,7446.21
20190118,7475.87
20190121,7487.87
20190122,7448.57
20190123,7483.45
20190124,7504.45
20190125,7545.33
20190128,7538.87
20190129,7589.87
20190130,7561.15
20190131,7589.74
20190201,7668.44
20190211,7736.98
20190212,7774.54
20190213,7861.83
20190214,7845.8
20190215,7703.95
20190218,7865.35
20190219,7857.23
20190220,7867.22
20190221,7815.24
20190222,7876.06
20190225,8204.63
20190226,8142.04
20190227,8162.64
20190228,8139.47
20190301,8235.71
20190304,8350.08
20190305,8435.65
20190306,8509.1
20190307,8459.81
20190308,8141.37
20190311,8276.08
20190312,8350.44
20190313,8326.55
20190314,8235.86
20190315,8368.74
20190318,8614.05
20190319,8601.73
20190320,8636.23
20190321,8640.41
20190322,8687.53
20190325,8589.63
20190326,8471.85
20190327,8580.6
20190328,8484.22
20190329,8700.71
20190401,8922.88
20190402,8907.76
20190403,9015.97
20190404,9126.16
20190408,9095.14
20190409,9135.07
20190410,9151.99
20190411,9033.57
20190412,9013.5
20190415,8965.55
20190416,9106.58
20190417,9137.35
20190418,9048.72
20190419,9089.18
20190422,8872.28
20190423,8804.18
20190424,8815.41
20190425,8581.99
20190426,8479.32
20190429,8483.69
20190430,8566.21
20190506,8146.07
20190507,8221.78
20190508,8150.81
20190509,8035.58
20190510,8269.99
20190513,8194.37
20190514,8141.12
20190515,8265.44
20190516,8307.61
20190517,8103.5
20190520,8024.96
20190521,8124.2
20190522,8084.19
20190523,7988.34
20190524,8022.73
20190527,8126.2
20190528,8165.05
20190529,8121.03
20190530,8146.74
20190531,8142.31
20190603,8130.21
20190604,8073.03
20190605,8082.0
20190606,8023.94
20190610,8097.83
20190611,8266.81
20190612,8208.7
20190613,8148.05
20190614,8069.44
20190617,8063.21
20190618,8060.53
20190619,8141.96
20190620,8275.49
20190621,8284.88
20190624,8284.48
20190625,8209.39
20190626,8195.21
20190627,8235.86
20190628,8170.36
20190701,8326.98
20190702,8356.25
20190703,8366.39
20190704,8360.29
20190705,8371.74
20190708,8178.3
20190709,8177.0
20190710,8110.67
20190711,8097.25
20190712,8113.91
20190715,8135.03
20190716,8138.92
20190717,8137.64
20190718,8048.7
20190719,8118.82
20190722,8049.21
20190723,8065.35
20190724,8113.38
20190725,8147.14
20190726,8150.61
20190729,8158.41
20190730,8198.33
20190731,8126.26
20190801,8054.52
20190802,7958.31
20190805,7816.82
20190806,7708.11
20190807,7687.85
20190808,7778.88
20190809,7707.88
20190812,7795.38
20190813,7755.01
20190814,7766.83
20190815,7792.1
20190816,7788.46
20190819,7929.32
20190820,7907.81
20190821,7899.56
20190822,7906.59
20190823,7922.54
20190826,7854.2
20190827,7946.25
20190828,7940.86
20190829,7887.82
20190830,7862.07
20190902,7920.78
20190903,7908.43
20190904,7986.13
20190905,8020.05
20190906,8048.99
20190909,8103.73
20190910,8059.6
20190911,8068.41
20190912,8119.57
20190916,8134.42
20190917,8022.28
20190918,8064.69
20190919,8081.13
20190920,8076.26
20190923,7979.86
20190924,8018.54
20190925,7928.03
20190926,7924.01
20190927,7904.62
20190930,7865.21
20191008,7919.17
20191009,8003.34
20191010,8045.26
20191011,8093.09
20191014,8188.5
20191015,8147.25
20191016,8146.29
20191017,8120.22
20191018,8020.46
20191021,8054.62
20191022,8075.26
20191023,8023.02
20191024,8039.57
20191025,8081.82
20191028,8099.4
20191029,8037.36
20191030,8008.73
20191031,7967.06
20191101,8064.46
20191104,8079.52
20191105,8134.98
20191106,8092.99
20191107,8111.94
20191108,8073.63
20191111,7938.25
20191112,7943.08
20191113,7904.14
20191114,7899.04
20191115,7861.31
20191118,7917.89
20191119,8007.6
20191120,7952.75
20191121,7945.51
20191122,7936.01
20191125,8051.88
20191126,8049.13
20191127,8019.2
20191128,7980.89
20191129,7984.81
20191202,7990.63
20191203,8022.23
20191204,7997.98
20191205,8017.91
20191206,8048.95
20191209,8083.65
20191210,8069.83
20191211,8086.41
20191212,8090.98
20191213,8190.59
20191216,8223.52
20191217,8286.73
20191218,8264.72
20191219,8290.97
20191220,8282.04
20191223,8188.8
20191224,8206.71
20191225,8191.23
20191226,8267.56
20191227,8293.57
20191230,8408.31
20191231,8458.09
20200102,8549.43
20200103,8538.47
20200106,8498.28
20200107,8550.43
20200108,8436.79
20200109,8516.67
20200110,8486.21
20200113,8511.09
20200114,8514.82
20200115,8462.23
20200116,8404.55
20200117,8399.71
20200120,8395.49
20200121,8251.46
20200122,8255.16
20200123,8012.87
20200203,7345.46
20200204,7496.55
20200205,7557.68
20200206,7628.43
20200207,7582.01
20200210,7694.7
20200211,7734.93
20200212,7757.46
20200213,7723.39
20200214,7783.23
20200217,7923.2
20200218,7867.75
20200219,7853.68
20200220,7949.84
20200221,7956.01
20200224,7864.63
20200225,7777.59
20200226,7830.45
20200227,7863.98
20200228,7677.38
20200302,7953.56
20200303,7939.4
20200304,8049.72
20200305,8148.12
20200306,8024.38
20200309,7822.97
20200310,7910.36
20200311,7827.26
20200312,7716.7
20200313,7594.58
20200316,7402.22
20200317,7382.31
20200318,7258.85
20200319,7131.15
20200320,7255.63
20200323,7050.67
20200324,7234.95
20200325,7401.65
20200326,7346.45
20200327,7390.72
20200330,7342.14
20200331,7313.9
20200401,7282.85
20200402,7353.35
20200403,7327.42
20200407,7440.79
20200408,7423.69
20200409,7434.96
20200410,7399.3
20200413,7406.08
20200414,7473.37
20200415,7427.29
20200416,7416.64
20200417,7448.71
20200420,7477.03
20200421,7420.15
20200422,7423.98
20200423,7406.78
20200424,7363.62
20200427,7420.42
20200428,7422.06
20200429,7548.43
20200430,7609.94
20200506,7587.4
20200507,7601.65
20200508,7649.97
20200511,7667.13
20200512,7619.79
20200513,7642.67
20200514,7545.39
20200515,7517.28
20200518,7527.38
20200519,7549.73
20200520,7509.42
20200521,7494.76
20200522,7355.79
20200525,7384.98
20200526,7403.78
20200527,7429.35
20200528,7472.67
20200529,7416.96
20200601,7554.11
20200602,7593.61
20200603,7568.17
20200604,7585.78
20200605,7577.78
20200608,7620.37
20200609,7651.9
20200610,7615.08
20200611,7543.58
20200612,7551.33
20200615,7466.07
20200616,7563.08
20200617,7577.76
20200618,7590.28
20200619,7588.01
20200622,7517.18
20200623,7493.93
20200624,7493.71
20200629,7443.57
20200630,7476.83
20200701,7658.87
20200702,7868.61
20200703,7968.7
20200706,8487.69
20200707,8441.36
20200708,8492.6
20200709,8582.29
20200710,8331.37
20200713,8507.8
20200714,8453.09
20200715,8284.19
20200716,8068.93
20200717,8059.67
20200720,8391.36
20200721,8366.39
20200722,8352.79
20200723,8271.13
20200724,8005.69
20200727,7973.02
20200728,8008.95
20200729,8137.52
20200730,8142.43
20200731,8213.89
20200803,8408.42
20200804,8435.55
20200805,8378.89
20200806,8348.77
20200807,8332.72
20200810,8418.98
20200811,8383.72
20200812,8364.47
20200813,8412.93
20200814,8472.24
20200817,8701.32
20200818,8713.5
20200819,8666.24
20200820,8572.12
20200821,8580.36
20200824,8612.75
20200825,8588.1
20200826,8461.15
20200827,8461.9
20200828,8584.2
20200831,8495.06
20200901,8474.42
20200902,8443.41
20200903,8395.11
20200904,8343.79
20200907,8249.73
20200908,8313.34
20200909,8167.2
20200910,8140.52
20200911,8153.15
20200914,8154.48
20200915,8178.05
20200916,8214.52
20200917,8203.62
20200918,8392.14
20200921,8344.49
20200922,8215.28
20200923,8203.76
20200924,8059.85
20200925,8020.37
20200928,8060.17
20200929,8062.18
20200930,8007.47
20201009,8147.86
20201012,8289.32
20201013,8301.61
20201014,8272.34
20201015,8259.82
20201016,8300.68
20201019,8245.83
20201020,8238.16
20201021,8251.67
20201022,8208.97
20201023,8174.53
20201026,8147.28
20201027,8130.95
20201028,8095.4
20201029,8157.12
20201030,8042.71
20201102,8118.95
20201103,8209.85
20201104,8262.0
20201105,8368.1
20201106,8414.26
20201109,8545.86
20201110,8511.67
20201111,8575.27
20201112,8613.79
20201113,8524.94
20201116,8744.59
20201117,8771.8
20201118,8808.56
20201119,8748.79
20201120,8787.01
20201123,8932.67
20201124,8880.93
20201125,8746.48
20201126,8762.17
20201127,8829.28
20201130,8749.98
20201201,8851.8
20201202,8854.91
20201203,8754.59
20201204,8732.72
20201207,8600.11
20201208,8584.95
20201209,8467.96
20201210,8458.96
20201211,8438.03
20201214,8382.37
20201215,8359.26
20201216,8327.75
20201217,8377.67
20201218,8433.79
20201221,8420.7
20201222,8224.03
20201223,8221.07
20201224,8161.36
20201225,8215.8
20201228,8191.21
20201229,8152.85
20201230,8168.22
20201231,8207.47
20210104,8146.16
20210105,8138.38
20210106,8209.4
20210107,8221.42
20210108,8240.44
20210111,8161.26
20210112,8162.09
20210113,8153.86
20210114,8132.73
20210115,8188.39
20210118,8252.56
20210119,8332.73
20210120,8248.84
20210121,8247.36
20210122,8105.23
20210125,8013.13
20210126,7991.77
20210127,8014.23
20210128,7926.01
20210129,7918.88
20210201,7997.12
20210202,7963.49
20210203,7931.94
20210204,7912.26
20210205,8033.2
20210208,8038.67
20210209,8072.8
20210210,8109.3
20210218,8280.09
20210219,8420.61
20210222,8492.43
20210223,8419.07
20210224,8406.15
20210225,8602.46
20210226,8429.94
20210301,8556.65
20210302,8495.45
20210303,8689.44
20210304,8701.16
20210305,8575.84
20210308,8531.81
20210309,8442.35
20210310,8381.99
20210311,8596.07
20210312,8767.09
20210315,8823.72
20210316,8854.96
20210317,8798.01
20210318,8816.04
20210319,8704.92
20210322,8801.95
20210323,8692.25
20210324,8581.78
20210325,8559.34
20210326,8628.35
20210329,8786.7
20210330,8760.65
20210331,8759.41
20210401,8806.63
20210402,8722.77
20210406,8722.32
20210407,8812.55
20210408,8793.34
20210409,8773.49
20210412,8794.58
20210413,8733.62
20210414,8772.92
20210415,8775.12
20210416,8902.04
20210419,8877.01
20210420,8860.26
20210421,8884.61
20210422,8885.5
20210423,8822.15
20210426,8784.97
20210427,8755.46
20210428,8820.14
20210429,8914.44
20210430,8838.81
20210506,8958.3
20210507,9002.18
20210510,9075.73
20210511,9022.12
20210512,9115.84
20210513,9051.05
20210514,9071.06
20210517,9113.08
20210518,9143.44
20210519,9111.37
20210520,8977.08
20210521,8999.86
20210524,9057.52
20210525,9205.73
20210526,9249.36
20210527,9295.55
20210528,9349.01
20210531,9417.96
20210601,9408.25
20210602,9415.24
20210603,9391.8
20210604,9336.9
20210607,9240.92
20210608,9236.19
20210609,9242.68
20210610,9230.08
20210611,9194.39
20210615,9104.27
20210616,9071.48
20210617,9046.13
20210618,8981.13
20210621,8969.23
20210622,8997.29
20210623,9104.71
20210624,9097.78
20210625,9098.76
20210628,8935.78
20210629,8902.6
20210630,8947.46
20210701,9009.69
20210702,8914.44
20210705,8869.66
20210706,8885.92
20210707,8845.01
20210708,8670.24
20210709,8720.03
20210712,8646.43
20210713,8675.39
20210714,8673.1
20210715,8697.54
20210716,8721.73
20210719,8736.23
20210720,8706.41
20210721,8635.95
20210722,8709.89
20210723,8619.23
20210726,8428.53
20210727,8164.23
20210728,8135.94
20210729,8148.49
20210730,8154.18
20210802,8119.38
20210803,8055.93
20210804,8117.57
20210805,8101.05
20210806,8142.4
20210809,8259.8
20210810,8279.51
20210811,8460.73
20210812,8558.89
20210813,8552.29
20210816,8613.83
20210817,8492.08
20210818,8532.02
20210819,8435.14
20210820,8446.44
20210823,8517.02
20210824,8564.9
20210825,8613.99
20210826,8678.39
20210827,8773.56
20210830,8807.17
20210831,9034.18
20210901,9038.48
20210902,9208.91
20210903,9169.09
20210906,9266.62
20210907,9465.19
20210908,9627.05
20210909,9881.1
20210910,9803.86
20210913,10088.5
20210914,9892.29
20210915,9851.75
20210916,9790.0
20210917,9586.19
20210922,9861.5
20210923,9836.61
20210924,9511.9
20210927,9281.07
20210928,9546.65
20210929,9276.76
20210930,9399.99
20211008,9321.65
20211011,9410.33
20211012,9355.82
20211013,9195.17
20211014,9100.77
20211015,9155.39
20211018,9340.55
20211019,9338.58
20211020,9159.74
20211021,9277.21
20211022,9074.55
20211025,9096.11
20211026,9035.05
20211027,8856.07
20211028,8604.88
20211029,8565.59
20211101,8662.92
20211102,8443.13
20211103,8613.31
20211104,8592.85
20211105,8404.23
20211108,8436.27
20211109,8406.37
20211110,8381.28
20211111,8576.44
20211112,8507.93
20211115,8489.24
20211116,8421.34
20211117,8403.58
20211118,8399.26
20211119,8524.04
20211122,8508.06
20211123,8598.26
20211124,8707.62
20211125,8687.77
20211126,8572.1
20211129,8493.28
20211130,8473.52
20211201,8612.31
20211202,8647.4
20211203,8789.31
20211206,8755.65
20211207,8894.55
20211208,8895.37
20211209,8933.17
20211210,8863.55
20211213,8878.73
20211214,8781.34
20211215,8858.75
20211216,9012.34
20211217,9013.91
20211220,8980.37
20211221,9137.93
20211222,9105.55
20211223,9139.93
20211224,9073.24
20211227,9116.79
20211228,9039.56
20211229,8994.35
20211230,9025.55
20211231,9093.64
20220104,9241.83
20220105,9292.15
20220106,9338.58
20220107,9439.81
20220110,9507.02
20220111,9518.76
20220112,9467.74
20220113,9420.68
20220114,9250.66
20220117,9283.31
20220118,9397.25
20220119,9502.22
20220120,9477.94
20220121,9390.63
20220124,9406.75
20220125,9135.9
20220126,9207.21
20220127,9119.18
20220128,9023.28
20220207,9284.94
20220208,9491.99
20220209,9540.47
20220210,9675.4
20220211,9702.21
20220214,9508.13
20220215,9430.17
20220216,9536.93
20220217,9495.46
20220218,9700.56
20220221,9725.69
20220222,9633.53
20220223,9537.88
20220224,9355.78
20220225,9343.39
20220228,9347.49
20220301,9441.59
20220302,9521.64
20220303,9660.21
20220304,9583.02
20220307,9498.02
20220308,9194.78
20220309,9102.05
20220310,9180.76
20220311,9228.04
20220314,9048.4
20220315,8523.65
20220316,8732.41
20220317,8842.47
20220318,9079.93
20220321,9042.21
20220322,9217.65
20220323,9217.79
20220324,9162.08
20220325,9181.97
20220328,9377.95
20220329,9343.56
20220330,9495.51
20220331,9603.23
20220401,9776.0
20220406,9948.97
20220407,9775.03
20220408,9901.76
20220411,9743.05
20220412,9742.44
20220413,9674.0
20220414,9858.45
20220415,9810.36
20220418,9664.14
20220419,9781.88
20220420,9530.77
20220421,9358.57
20220422,9532.99
20220425,9154.52
20220426,9085.29
20220427,9154.35
20220428,9353.19
20220429,9515.18
20220505,9531.32
20220506,9251.31
20220509,9306.27
20220510,9397.05
20220511,9385.6
20220512,9390.53
20220513,9615.24
20220516,9661.59
20220517,9562.19
20220518,9507.8
20220519,9560.74
20220520,9583.64
20220523,9536.69
20220524,9324.18
20220525,9481.18
20220526,9592.52
20220527,9629.77
20220530,9603.11
20220531,9579.25
20220601,9603.07
20220602,9504.91
20220606,9495.2
20220607,9504.98
20220608,9583.0
20220609,9602.12
20220610,9613.74
20220613,9424.31
20220614,9554.13
20220615,9564.9
20220616,9423.49
20220617,9388.35
20220620,9355.56
20220621,9399.9
20220622,9247.94
20220623,9320.37
20220624,9278.25
20220627,9374.37
20220628,9418.79
20220629,9470.7
20220630,9486.99
20220701,9493.64
20220704,9468.97
20220705,9498.3
20220706,9284.25
20220707,9272.36
20220708,9257.77
20220711,9187.53
20220712,9247.68
20220713,9220.19
20220714,9048.75
20220715,8834.8
20220718,9019.45
20220719,9052.02
20220720,9063.08
20220721,8882.81
20220722,8877.22
20220725,8882.9
20220726,9010.45
20220727,8975.58
20220728,8987.08
20220729,8897.19
20220801,8895.66
20220802,8682.35
20220803,8567.44
20220804,8634.61
20220805,8680.25
20220808,8766.1
20220809,8792.35
20220810,8767.35
20220811,8874.85
20220812,8936.2
20220815,8934.0
20220816,8949.36
20220817,8989.26
20220818,8906.01
20220819,8992.26
20220822,9063.27
20220823,9066.28
20220824,8973.57
20220825,9184.36
20220826,9159.54
20220829,9224.34
20220830,9238.34
20220831,9188.83
20220901,9291.29
20220902,9271.14
20220905,9450.2
20220906,9554.32
20220907,9562.35
20220908,9573.36
20220909,9690.41
20220913,9633.8
20220914,9562.09
20220915,9609.08
20220916,9321.73
20220919,9323.48
20220920,9276.14
20220921,9353.07
20220922,9313.11
20220923,9232.71
20220926,9069.09
20220927,9165.68
20220928,9085.24
20220929,9012.16
20220930,9050.86
20221010,9090.0
20221011,9078.45
20221012,9195.5
20221013,9109.1
20221014,9171.86
20221017,9137.37
20221018,9105.9
20221019,9061.76
20221020,8991.57
20221021,9023.55
20221024,8818.34
20221025,8769.66
20221026,8702.83
20221027,8745.69
20221028,8592.95
20221031,8378.54
20221101,8459.1
20221102,8569.74
20221103,8500.42
20221104,8644.02
20221107,8685.95
20221108,8688.21
20221109,8678.29
20221110,8693.6
20221111,8918.7
20221114,8892.16
20221115,8935.43
20221116,8906.29
20221117,8875.63
20221118,8825.12
20221121,8790.67
20221122,8885.25
20221123,8944.54
20221124,8984.99
20221125,9158.58
20221128,9108.97
20221129,9378.73
20221130,9362.46
20221201,9299.57
20221202,9230.31
20221205,9385.64
20221206,9344.86
20221207,9290.18
20221208,9321.29
20221209,9279.63
20221212,9153.66
20221213,9201.18
20221214,9165.71
20221215,9069.04
20221216,9168.83
20221219,9009.5
20221220,8918.5
20221221,8914.3
20221222,8863.29
20221223,8829.07
20221226,8815.64
20221227,8921.88
20221228,8927.98
20221229,8860.3
20221230,8920.76
20230103,8971.98
20230104,9036.88
20230105,9033.07
20230106,9023.29
20230109,9019.69
20230110,8957.52
20230111,8991.57
20230112,8977.9
20230113,9062.94
20230116,9092.93
20230117,9074.93
20230118,9108.95
20230119,9134.04
20230120,9214.22
20230130,9209.17
20230131,9226.94
20230201,9272.96
20230202,9279.01
20230203,9207.44
20230206,9189.12
20230207,9227.2
20230208,9172.01
20230209,9249.51
20230210,9273.12
20230213,9307.22
20230214,9357.24
20230215,9330.38
20230216,9282.26
20230217,9251.96
20230220,9472.61
20230221,9565.72
20230222,9568.1
20230223,9570.01
20230224,9547.34
20230227,9497.14
20230228,9550.35
20230301,9620.14
20230302,9679.78
20230303,9767.41
20230306,9751.51
20230307,9718.34
20230308,9716.93
20230309,9689.27
20230310,9518.53
20230313,9648.84
20230314,9591.21
20230315,9756.98
20230316,9665.46
20230317,9788.07
20230320,9758.34
20230321,9719.66
20230322,9783.46
20230323,9789.92
20230324,9718.89
20230327,9635.93
20230328,9663.72
20230329,9611.0
20230330,9664.32
20230331,9694.85
20230403,9781.02
20230404,9840.61
20230406,9755.86
20230407,9748.43
20230410,9761.02
20230411,9868.34
20230412,10022.25
20230413,10040.83
20230414,10005.38
20230417,10147.15
20230418,10162.85
20230419,10175.87
20230420,10251.08
20230421,10100.73
20230424,10118.92
20230425,10196.45
20230426,10203.02
20230427,10236.86
20230428,10414.86
20230504,10694.36
20230505,10720.84
20230508,11032.54
20230509,10909.38
20230510,10636.99
20230511,10604.27
20230512,10481.21
20230515,10442.18
20230516,10335.14
20230517,10302.98
20230518,10408.32
20230519,10242.63
20230522,10217.35
20230523,10067.57
20230524,9927.11
20230525,9867.88
20230526,10007.51
20230529,10061.11
20230530,10096.06
20230531,10014.99
20230601,10055.85
20230602,10065.41
20230605,10177.22
20230606,10104.8
20230607,10197.94
20230608,10273.08
20230609,10279.21
20230612,10201.99
20230613,10191.8
20230614,10105.94
20230615,10082.82
20230616,10059.87
20230619,9898.92
20230620,9795.54
20230621,9678.32
20230626,9506.51
20230627,9695.73
20230628,9714.63
20230629,9664.07
20230630,9680.02
20230703,9814.65
20230704,9762.05
20230705,9720.35
20230706,9691.26
20230707,9715.55
20230710,9749.63
20230711,9771.39
20230712,9718.66
20230713,9856.05
20230714,9867.7
20230717,9738.54
20230718,9704.49
20230719,9782.03
20230720,9693.34
20230721,9679.61
20230724,9687.46
20230725,9869.75
20230726,9843.06
20230727,9861.41
20230728,10016.12
20230731,10093.53
20230801,10115.48
20230802,9980.77
20230803,9995.13
20230804,10013.5
20230807,9949.3
20230808,9943.25
20230809,9869.21
20230810,9882.43
20230811,9728.56
20230814,9733.01
20230815,9783.73
20230816,9749.4
20230817,9739.64
20230818,9698.11
20230821,9636.35
20230822,9759.42
20230823,9748.03
20230824,9692.53
20230825,9694.42
20230828,9825.16
20230829,9816.18
20230830,9734.73
20230831,9663.59
20230901,9735.9
20230904,9928.32
20230905,9820.69
20230906,9801.23
20230907,9769.43
20230908,9707.14
20230911,9789.87
20230912,9771.66
20230913,9798.49
20230914,9875.92
20230915,9863.61
20230918,9853.4
20230919,9918.61
20230920,9939.16
20230921,9860.32
20230922,9935.76
20230925,9914.34
20230926,9892.51
20230927,9865.85
20230928,9853.04
20231009,9817.41
20231010,9715.7
20231011,9692.4
20231012,9815.07
20231013,9797.91
20231016,9843.46
20231017,9892.17
20231018,9841.14
20231019,9654.91
20231020,9592.96
20231023,9453.14
20231024,9528.32
20231025,9627.66
20231026,9672.92
20231027,9700.25
20231030,9533.76
20231031,9548.63
20231101,9550.38
20231102,9578.13
20231103,9528.66
20231106,9514.74
20231107,9519.92
20231108,9524.83
20231109,9551.31
20231110,9484.58
20231113,9529.41
20231114,9529.6
20231115,9600.61
20231116,9601.51
20231117,9578.62
20231120,9596.85
20231121,9636.1
20231122,9620.97
20231123,9657.73
20231124,9655.07
20231127,9609.33
20231128,9602.04
20231129,9513.56
20231130,9550.56
20231201,9597.39
20231204,9616.36
20231205,9462.05
20231206,9449.18
20231207,9466.39
20231208,9434.41
20231211,9560.73
20231212,9618.38
20231213,9540.93
20231214,9527.87
20231215,9467.9
20231218,9460.72
20231219,9455.24
20231220,9437.41
20231221,9412.84
20231222,9416.01
20231225,9419.94
20231226,9410.36
20231227,9477.2
20231228,9440.79
20231229,9496.48
20240102,9597.92
20240103,9718.84
20240104,9797.79
20240105,9831.13
20240108,9740.64
20240109,9799.66
20240110,9730.29
20240111,9668.83
20240112,9707.01
20240115,9777.74
20240116,9829.15
20240117,9701.19
20240118,9631.59
20240119,9573.97
20240122,9301.46
20240123,9390.53
20240124,9614.97
20240125,9904.65
20240126,10044.07
20240129,10068.14
20240130,9942.79
20240131,9934.89
20240201,9817.5
20240202,9823.68
20240205,9813.0
20240206,9977.46
20240207,10116.72
20240208,10078.66
20240219,10327.2
20240220,10421.41
20240221,10467.65
20240222,10621.8
20240223,10618.29
20240226,10366.39
20240227,10425.79
20240228,10333.97
20240229,10434.74
20240301,10435.16
20240304,10491.73
20240305,10567.44
20240306,10565.15
20240307,10607.42
20240308,10674.12
20240311,10601.67
20240312,10337.87
20240313,10307.16
20240314,10340.42
20240315,10369.81
20240318,10366.13
20240319,10320.44
20240320,10383.42
20240321,10428.28
20240322,10389.1
20240325,10408.86
20240326,10417.88
20240327,10400.59
20240328,10373.75
20240329,10526.17
20240401,10554.08
20240402,10618.84
20240403,10709.46
20240408,10756.88
20240409,10693.07
20240410,10720.3
20240411,10818.66
20240412,10806.56
20240415,11027.53
20240416,11017.18
20240417,11240.3
20240418,11288.09
20240419,11297.77
20240422,11066.45
20240423,10899.26
20240424,10875.19
20240425,10955.69
20240426,10829.23
20240429,10783.65
20240430,10829.76
20240506,10902.4
20240507,10914.12
20240508,10960.58
20240509,11036.28
20240510,11097.71
20240513,11173.93
20240514,11124.55
20240515,11106.59
20240516,11117.9
20240517,11188.67
20240520,11301.93
20240521,11332.51
20240522,11307.78
20240523,11192.78
20240524,11183.63
20240527,11376.35
20240528,11338.95
20240529,11336.88
20240530,11239.54
20240531,11239.3
20240603,11138.83
20240604,11164.93
20240605,11009.06
20240606,11027.94
20240607,11110.08
20240611,10903.0
20240612,11025.91
20240613,10899.07
20240614,10874.72
20240617,10760.39
20240618,10797.01
20240619,10800.65
20240620,10798.77
20240621,10771.26
20240624,10636.45
20240625,10656.02
20240626,10658.67
20240627,10646.94
20240628,10735.22
20240701,10941.8
20240702,10968.49
20240703,10867.28
20240704,10814.38
20240705,10728.95
20240708,10630.81
20240709,10741.13
20240710,10508.09
20240711,10516.36
20240712,10485.37
20240715,10586.14
20240716,10504.64
20240717,10429.15
20240718,10473.92
20240719,10390.98
20240722,10295.95
20240723,10244.74
20240724,10258.7
20240725,10195.61
20240726,10122.65
20240729,10171.26
20240730,10091.35
20240731,10181.15
20240801,10186.51
20240802,10175.99
20240805,10059.62
20240806,10018.47
20240807,10063.4
20240808,10074.05
20240809,10077.88
20240812,10110.67
20240813,10147.37
20240814,10126.16
20240815,10228.77
20240816,10259.62
20240819,10408.48
20240820,10306.84
20240821,10229.0
20240822,10258.59
20240823,10241.69
20240826,10244.66
20240827,10304.38
20240828,10240.16
20240829,10025.0
20240830,9965.65
20240902,10018.64
20240903,9898.57
20240904,9865.72
20240905,9841.84
20240906,9778.56
20240909,9613.57
20240910,9627.93
20240911,9389.15
20240912,9436.21
20240913,9402.76
20240918,9533.34
20240919,9543.24
20240920,9525.61
20240923,9640.1
20240924,10065.91
20240925,10224.61
20240926,10532.42
20240927,10555.08
20240930,11171.0
20241008,11308.29
20241009,10499.82
20241010,10931.03
20241011,10714.18
20241014,11051.07
20241015,10812.4
20241016,10998.02
20241017,10854.92
20241018,10918.91
20241021,10843.71
20241022,10897.2
20241023,10881.24
20241024,10825.92
20241025,10788.78
20241028,10826.77
20241029,10673.03
20241030,10593.39
20241031,10575.96
20241101,10674.34
20241104,10777.96
20241105,10909.21
20241106,10876.72
20241107,11055.6
20241108,10899.12
20241111,10814.38
20241112,10719.16
20241113,10774.87
20241114,10699.46
20241115,10675.3
20241118,10849.51
20241119,10875.06
20241120,10895.73
20241121,10867.64
20241122,10594.0
20241125,10613.13
20241126,10641.61
20241127,10771.44
20241128,10732.88
20241129,10762.82
20241202,10775.88
20241203,10909.21
20241204,10937.81
20241205,10932.16
20241206,11066.5
20241209,11104.62
20241210,11109.63
20241211,11113.44
20241212,11144.92
20241213,10939.02
20241216,11108.82
20241217,11099.03
20241218,11184.37
20241219,11066.14
20241220,10984.38
20241223,11018.6
20241224,11135.63
20241225,11209.5
20241226,11162.13
20241227,11187.83
20241230,11278.05
20241231,11190.82
20250102,10947.1
20250103,10824.55
20250106,10850.64
20250107,10870.23
20250108,10910.47
20250109,10775.19
20250110,10646.89
20250113,10543.62
20250114,10695.28
20250115,10711.94
20250116,10808.31
20250117,10791.59
20250120,10774.98
20250121,10699.56
20250122,10538.75
20250123,10692.47
20250124,10721.22
20250127,10875.65
20250205,10681.47
20250206,10686.25
20250207,10698.43
20250210,10687.12
20250211,10801.09
20250212,10832.69
20250213,10845.19
20250214,10856.46
20250217,10845.1
20250218,10844.39
20250219,10844.34
20250220,10825.1
20250221,10722.64
20250224,10714.96
20250225,10620.42
20250226,10698.59
20250227,10791.61
20250228,10739.33
20250303,10749.19
20250304,10747.38
20250305,10840.2
20250306,10786.68
20250307,10769.55
20250310,10717.19
20250311,10788.29
20250312,10772.93
20250313,10828.0
20250314,10919.86
20250317,10954.09
20250318,10943.09
20250319,11013.65
20250320,10965.66
20250321,10931.57
20250324,11004.47
20250325,11079.94
20250326,11044.66
20250327,11068.44
20250328,11033.2
20250331,11039.76
20250401,11066.43
20250402,11148.44
20250403,11173.51
20250407,10575.66
20250408,10805.73
20250409,10777.01
20250410,10838.95
20250411,10787.04
20250414,10874.59
20250415,10997.39
20250416,11092.54
20250417,11105.36
20250418,11126.96
20250421,11055.19
20250422,11118.11
20250423,11065.89
20250424,11180.83
20250425,11160.12
20250428,11215.77
20250429,11183.8
20250430,10971.48
20250506,10989.8
20250507,11086.35
20250508,11144.87
20250509,11220.36
20250512,11225.68
20250513,11341.65
20250514,11408.46
20250515,11361.25
20250516,11291.27
20250519,11315.27
20250520,11355.59
20250521,11419.05
20250522,11471.24
20250523,11381.44
20250526,11338.12
20250527,11347.43
20250528,11402.55
20250529,11381.56
20250530,11420.31
20250603,11539.2
20250604,11585.37
20250605,11493.13
20250606,11503.01
20250609,11508.6
20250610,11522.1
20250611,11533.35
20250612,11570.57
20250613,11457.89
20250616,11522.91
20250617,11496.22
20250618,11563.5
20250619,11532.38
20250620,11574.36
20250623,11639.58
20250624,11668.01
20250625,11737.65
20250626,11767.43
20250627,11578.34
20250630,11544.86
20250701,11664.28
20250702,11690.35
20250703,11692.72
20250704,11803.5
20250707,11863.71
20250708,11838.53
20250709,11902.55
20250710,11946.95
20250711,11808.71
20250714,11884.86
20250715,11775.08
20250716,11731.93
20250717,11697.79
20250718,11756.51
20250721,11758.42
20250722,11781.17
20250723,11795.91
20250724,11703.87
20250725,11625.29
20250728,11569.65
20250729,11501.6
20250730,11543.98
20250731,11400.2
20250801,11397.97
20250804,11466.9
20250805,11603.09
20250806,11618.83
20250807,11656.17
20250808,11675.79
20250811,11600.86
20250812,11641.71
20250813,11573.6
20250814,11568.04
20250815,11530.92
20250818,11562.45
20250819,11569.32
20250820,11662.64
20250821,11721.45
20250822,11681.7
20250825,11788.35
20250826,11759.82
20250827,11548.44
20250828,11570.38
20250829,11516.87
20250901,11497.62
20250902,11593.73
20250903,11464.96
20250904,11494.93
20250905,11442.96
20250908,11456.98
20250909,11505.07
20250910,11484.59
20250911,11517.31
20250912,11430.28
20250915,11342.12
20250916,11294.34
20250917,11328.98
20250918,11104.34
20250919,11173.04
20250922,11090.31
20250923,11165.43
20250924,11155.5
20250925,11064.03
20250926,11057.02
20250929,11051.18
20250930,10967.06
20251009,10992.49
20251010,11074.12
20251013,11142.0
20251014,11339.4
20251015,11398.22
20251016,11455.07
20251017,11412.03
20251020,11419.24
20251021,11459.72
20251022,11530.87
20251023,11591.33
20251024,11514.38
20251027,11520.77
20251028,11503.14
20251029,11411.03
20251030,11421.11
20251031,11415.44
20251103,11567.42
20251104,11688.88
20251105,11692.4
20251106,11695.07
20251107,11696.68
20251110,11802.59
20251111,11830.57
20251112,11919.99
20251113,11908.58
20251114,11868.59
20251117,11771.06
20251118,11684.99
20251119,11704.44
20251120,11750.23
20251121,11592.02
20251124,11521.24
20251125,11592.02
20251126,11520.94
20251127,11541.7
20251128,11525.32
20251201,11617.14
20251202,11606.63
20251203,11547.9
20251204,11491.85
20251205,11425.6
20251208,11398.9
20251209,11320.32
20251210,11260.78
20251211,11202.41
20251212,11206.51
20251215,11236.04
20251216,11185.87
20251217,11197.32
20251218,11307.28
20251219,11290.71
20251222,11223.6
20251223,11244.53
20251224,11255.45
20251225,11268.02
20251226,11248.56
20251229,11251.68
20251230,11238.48
20251231,11240.0
20260105,11235.18
20260106,11248.35
20260107,11188.37
20260108,11119.0
20260109,11125.01
20260112,11141.69
20260113,11169.91
20260114,11051.67
20260115,11026.26
20260116,10930.35
20260119,10949.26
20260120,11110.63
20260121,11019.9
20260122,11039.97
20260123,10994.32
20260126,11051.79
20260127,10991.55
20260128,11016.89
20260129,11176.26
20260130,11168.2
20260202,11026.07
20260203,11006.12
20260204,11172.66
20260205,11299.01
20260206,11262.01
20260209,11314.06
20260210,11342.3
20260211,11369.4
20260212,11264.2
20260213,11144.77
20260224,11216.71
20260225,11199.59
20260226,11177.51
20260227,11212.0
20260302,11321.9
20260303,11424.71
20260304,11280.99
20260305,11309.9
20260306,11367.82
20260309,11373.38
20260310,11340.58
20260311,11464.33
20260312,11526.56
20260313,11550.16
20260316,11547.4
20260317,11574.01
20260318,11531.92
20260319,11486.4
20260320,11449.53
20260323,11054.69
20260324,11278.01
20260325,11359.02
20260326,11351.96
20260327,11310.67
20260330,11419.98
20260331,11457.5
20260401,11466.04
20260402,11515.64
20260403,11353.92
20260407,11292.39
20260408,11400.67
20260409,11316.19
20260410,11307.48
20260413,11270.82
20260414,11319.76
20260415,11389.02
20260416,11387.27
20260417,11361.19
20260420,11403.83
20260421,11465.96
20260422,11418.65
20260423,11488.49
20260424,11471.56
20260427,11356.2
20260428,11395.88
20260429,11430.24
20260430,11322.69
20260506,11266.7
20260507,11227.97
20260508,11222.04
20260511,11221.83
20260512,11214.5
20260513,11215.12
20260514,11191.46
20260515,11115.82
20260518,11049.04
20260519,11121.79
20260520,11083.39
20260521,11012.51
20260522,10975.57
20260525,10959.36
20260526,10989.33
20260527,10916.54
20260528,10866.06
20260529,11082.68
20260601,11242.83
20260602,11224.92
20260603,11127.84
20260604,10988.64
20260605,11017.46
20260608,11047.11
20260609,11050.57
20260610,11109.22
20260611,11017.03
20260612,11116.82
20260615,11001.34
20260616,10832.88
20260617,10770.46
20260618,10492.7
20260622,10501.47
20260623,10557.26
20260624,10347.77
20260625,10226.59
20260626,10152.09
20260629,10204.61
20260630,9991.03
20260701,10095.06
20260702,10173.16
20260703,10195.28
20260706,10406.95
20260707,10339.75
20260708,10449.33
20260709,10326.57
20260710,10327.58
20260713,10483.35
20260714,10574.97
20260715,10709.77
20260716,10607.56
20260717,10633.94
20260720,10913.01
20260721,10769.53
20260722,10824.3
20260723,10872.34
20260724,10775.41
20260727,10818.93
20260728,10899.73
20260729,11000.28
20260730,11171.66
20260731,11125.28
20260803,11140.27
20260804,10899.39
20260805,10766.13
20260806,10781.2
20260807,10715.06
20260810,10753.99
20260811,10757.2
20260812,10709.62
20260813,10695.18
20260814,10655.59
20260817,10687.28
20260818,10724.73
20260819,10852.25
20260820,10915.94
20260821,10858.77
20260824,10975.8
20260825,10962.66
20260826,11002.01
20260827,10925.83
20260828,10941.54
20260831,11021.06
20260901,11154.63
20260902,11083.48
20260903,11072.9
20260904,11122.86
20260907,11019.51
